,mean,sd,hdi_3%,hdi_97%,mcse_mean,mcse_sd,ess_mean,ess_sd,ess_bulk,ess_tail,r_hat
Intercept,-0.223,0.771,-1.617,1.343,0.017,0.027,2014.0,394.0,2012.0,1370.0,1.07
Cla_nc[0],0.185,0.843,-1.415,1.694,0.095,0.067,79.0,79.0,74.0,1076.0,1.04
Cla_nc[1],0.03,0.902,-1.762,1.466,0.156,0.111,33.0,33.0,36.0,1724.0,1.07
Ord_nc[0],-0.485,0.673,-1.918,0.678,0.017,0.032,1516.0,220.0,1404.0,2247.0,1.03
Ord_nc[1],0.634,0.522,-0.304,1.619,0.051,0.036,106.0,106.0,94.0,1069.0,1.04
Ord_nc[2],-0.482,0.371,-1.243,0.207,0.011,0.011,1133.0,621.0,1215.0,600.0,1.1
Ord_nc[3],0.432,0.65,-0.844,1.604,0.026,0.027,638.0,301.0,626.0,2108.0,1.02
Ord_nc[4],0.465,0.77,-0.872,2.078,0.019,0.015,1582.0,1294.0,1565.0,1695.0,1.09
Ord_nc[5],0.557,0.793,-0.864,2.107,0.064,0.045,153.0,153.0,171.0,670.0,1.02
Ord_nc[6],-0.614,0.627,-1.777,0.438,0.109,0.078,33.0,33.0,33.0,420.0,1.08
Ord_nc[7],0.778,0.688,-0.57,1.975,0.034,0.024,398.0,398.0,410.0,1167.0,1.02
Ord_nc[8],0.504,0.814,-1.063,1.944,0.092,0.065,78.0,78.0,83.0,2222.0,1.04
Ord_nc[9],0.914,0.771,-0.446,2.411,0.108,0.077,51.0,51.0,49.0,1391.0,1.06
Ord_nc[10],-1.268,0.591,-2.355,-0.12,0.017,0.014,1163.0,899.0,1122.0,1111.0,1.03
Ord_nc[11],0.234,0.774,-1.075,1.769,0.085,0.06,83.0,83.0,88.0,1805.0,1.04
Ord_nc[12],-0.583,0.739,-1.967,0.834,0.045,0.042,270.0,159.0,254.0,1700.0,1.02
Ord_nc[13],-0.822,0.966,-2.626,0.84,0.218,0.192,20.0,13.0,20.0,49.0,1.13
Ord_nc[14],-0.711,0.817,-2.202,0.854,0.077,0.054,113.0,113.0,105.0,1973.0,1.03
Ord_nc[15],0.372,0.779,-1.234,1.693,0.038,0.027,427.0,427.0,742.0,2017.0,1.02
Ord_nc[16],0.446,0.78,-0.884,2.018,0.02,0.024,1579.0,531.0,1539.0,2222.0,1.08
Ord_nc[17],0.988,0.699,-0.352,2.369,0.016,0.013,1876.0,1551.0,1792.0,1381.0,1.08
Ord_nc[18],-1.135,0.777,-2.694,0.289,0.02,0.019,1553.0,835.0,1505.0,1994.0,1.05
Ord_nc[19],-0.32,0.782,-1.883,1.09,0.021,0.016,1437.0,1231.0,1436.0,1220.0,1.05
Ord_nc[20],0.5,0.598,-0.736,1.565,0.016,0.012,1340.0,1340.0,1198.0,1951.0,1.06
Ord_nc[21],-0.456,0.618,-1.676,0.6,0.064,0.045,94.0,94.0,99.0,2053.0,1.04
Fam_nc[0],0.101,0.908,-1.658,1.819,0.017,0.031,2714.0,425.0,2721.0,1968.0,1.12
Fam_nc[1],0.186,0.849,-1.397,1.883,0.023,0.04,1370.0,225.0,1302.0,2303.0,1.04
Fam_nc[2],-0.224,1.045,-2.031,1.488,0.219,0.157,23.0,23.0,24.0,115.0,1.11
Fam_nc[3],0.124,0.923,-1.682,1.904,0.021,0.023,1897.0,782.0,1602.0,1560.0,1.02
Fam_nc[4],0.425,0.825,-1.19,1.888,0.057,0.04,213.0,213.0,217.0,1757.0,1.02
Fam_nc[5],-0.239,0.851,-1.924,1.321,0.016,0.027,2741.0,508.0,2646.0,2492.0,1.05
Fam_nc[6],0.463,0.831,-1.124,2.085,0.02,0.015,1728.0,1559.0,1735.0,2100.0,1.09
Fam_nc[7],-0.041,1.066,-1.741,1.889,0.197,0.141,29.0,29.0,33.0,570.0,1.08
Fam_nc[8],0.114,0.943,-1.484,1.942,0.105,0.075,80.0,80.0,92.0,2386.0,1.03
Fam_nc[9],0.15,0.882,-1.715,1.682,0.019,0.017,2134.0,1310.0,2113.0,2074.0,1.04
Fam_nc[10],-0.266,0.909,-2.063,1.414,0.021,0.039,1926.0,270.0,1840.0,2444.0,1.08
Fam_nc[11],0.213,0.895,-1.409,2.002,0.021,0.039,1893.0,268.0,1849.0,542.0,1.06
Fam_nc[12],0.269,0.927,-1.307,2.208,0.038,0.036,591.0,334.0,671.0,809.0,1.02
Fam_nc[13],0.088,0.942,-1.619,1.962,0.027,0.024,1216.0,798.0,1204.0,1921.0,1.01
Fam_nc[14],0.372,0.935,-1.394,2.161,0.032,0.023,832.0,832.0,803.0,2393.0,1.01
Fam_nc[15],0.076,1.1,-1.796,1.94,0.263,0.189,17.0,17.0,21.0,129.0,1.13
Fam_nc[16],-0.615,0.93,-2.476,1.068,0.023,0.023,1644.0,837.0,1592.0,1703.0,1.11
Fam_nc[17],0.009,0.954,-1.539,1.979,0.13,0.093,53.0,53.0,53.0,2477.0,1.05
Fam_nc[18],-0.039,0.878,-1.791,1.59,0.018,0.038,2362.0,273.0,2296.0,2087.0,1.04
Fam_nc[19],0.491,0.841,-1.169,1.988,0.028,0.02,888.0,888.0,865.0,849.0,1.02
Fam_nc[20],0.652,0.941,-1.276,2.352,0.029,0.023,1045.0,858.0,1052.0,1093.0,1.05
Fam_nc[21],-0.254,0.889,-1.913,1.531,0.02,0.019,1899.0,1097.0,1805.0,1407.0,1.06
Fam_nc[22],-0.234,0.948,-1.973,1.724,0.021,0.042,2009.0,257.0,1990.0,841.0,1.12
Fam_nc[23],-0.193,0.939,-2.21,1.47,0.02,0.044,2147.0,225.0,1955.0,1388.0,1.06
Fam_nc[24],-0.12,0.926,-1.871,1.653,0.02,0.032,2084.0,407.0,2015.0,1837.0,1.09
Fam_nc[25],-0.224,0.935,-2.115,1.539,0.022,0.031,1733.0,467.0,1727.0,907.0,1.09
Fam_nc[26],0.123,0.895,-1.414,1.944,0.028,0.023,1006.0,737.0,1032.0,2167.0,1.01
Fam_nc[27],0.415,0.887,-1.362,1.983,0.043,0.03,429.0,429.0,682.0,1911.0,1.02
Fam_nc[28],-0.138,0.981,-2.011,1.442,0.171,0.122,33.0,33.0,35.0,2086.0,1.07
Fam_nc[29],0.117,0.955,-1.695,1.972,0.024,0.049,1594.0,191.0,1578.0,947.0,1.03
Fam_nc[30],0.351,1.016,-1.642,1.902,0.186,0.133,30.0,30.0,32.0,1902.0,1.08
Fam_nc[31],0.332,0.954,-1.455,2.119,0.026,0.035,1297.0,377.0,1287.0,1185.0,1.07
Fam_nc[32],-0.408,0.933,-2.234,1.368,0.023,0.018,1655.0,1376.0,1671.0,1639.0,1.06
Fam_nc[33],0.008,0.896,-1.629,1.763,0.021,0.022,1900.0,804.0,1846.0,1644.0,1.04
Fam_nc[34],-0.346,0.986,-2.069,1.475,0.162,0.116,37.0,37.0,36.0,236.0,1.07
Fam_nc[35],-0.531,0.868,-2.154,1.162,0.032,0.023,723.0,723.0,759.0,1380.0,1.01
Fam_nc[36],-0.029,0.838,-1.542,1.623,0.028,0.019,924.0,924.0,963.0,1666.0,1.02
Fam_nc[37],0.024,0.9,-1.697,1.715,0.036,0.025,636.0,636.0,797.0,2138.0,1.01
Fam_nc[38],-0.178,1.037,-1.954,1.688,0.202,0.145,26.0,26.0,30.0,658.0,1.09
Fam_nc[39],-0.704,1.034,-2.643,1.028,0.167,0.124,39.0,35.0,44.0,315.0,1.06
Fam_nc[40],-0.38,1.022,-1.881,1.668,0.181,0.129,32.0,32.0,33.0,1332.0,1.08
Fam_nc[41],-0.289,1.016,-2.228,1.396,0.165,0.117,38.0,38.0,39.0,1373.0,1.07
Fam_nc[42],0.055,0.884,-1.668,1.677,0.04,0.028,493.0,493.0,690.0,2284.0,1.02
Fam_nc[43],0.066,0.813,-1.497,1.594,0.019,0.039,1901.0,213.0,1848.0,1230.0,1.09
Fam_nc[44],0.429,0.995,-1.313,2.047,0.19,0.142,27.0,25.0,31.0,597.0,1.09
Fam_nc[45],-0.309,0.864,-1.955,1.37,0.025,0.022,1211.0,763.0,1149.0,1442.0,1.01
Fam_nc[46],-0.262,0.904,-1.919,1.396,0.028,0.02,1044.0,1044.0,1086.0,2519.0,1.01
Fam_nc[47],0.119,0.911,-1.394,1.757,0.193,0.138,22.0,22.0,24.0,96.0,1.11
Fam_nc[48],-0.141,0.923,-1.887,1.687,0.019,0.029,2425.0,523.0,2391.0,1515.0,1.04
Fam_nc[49],0.165,0.897,-1.585,1.758,0.025,0.02,1295.0,1053.0,1381.0,1180.0,1.02
Fam_nc[50],0.301,0.965,-1.452,2.096,0.101,0.072,91.0,91.0,109.0,1485.0,1.03
Fam_nc[51],-0.121,1.199,-2.393,1.657,0.307,0.243,15.0,13.0,19.0,45.0,1.14
Fam_nc[52],0.133,0.939,-1.555,1.881,0.082,0.058,130.0,130.0,133.0,2026.0,1.03
Fam_nc[53],0.245,0.979,-1.587,1.937,0.099,0.07,98.0,98.0,106.0,1961.0,1.03
Fam_nc[54],0.098,0.945,-1.788,1.753,0.092,0.066,104.0,104.0,109.0,848.0,1.03
Fam_nc[55],0.471,0.997,-1.446,2.181,0.092,0.065,117.0,117.0,106.0,2253.0,1.03
Fam_nc[56],-0.28,0.943,-2.136,1.277,0.125,0.089,57.0,57.0,65.0,2158.0,1.04
Fam_nc[57],0.139,0.9,-1.549,1.921,0.019,0.029,2198.0,490.0,2088.0,1295.0,1.07
Fam_nc[58],-0.485,1.209,-2.975,1.259,0.333,0.316,13.0,8.0,17.0,24.0,1.16
Fam_nc[59],-0.645,1.029,-2.572,1.366,0.112,0.079,84.0,84.0,86.0,818.0,1.04
Gen_nc[0],0.209,0.781,-1.272,1.688,0.021,0.047,1333.0,139.0,1347.0,755.0,1.05
Gen_nc[1],-0.16,0.641,-1.325,1.152,0.015,0.013,1899.0,1210.0,1701.0,1662.0,1.03
Gen_nc[2],-0.123,0.845,-1.58,1.556,0.087,0.062,94.0,94.0,102.0,1556.0,1.03
Gen_nc[3],0.91,0.873,-0.696,2.323,0.152,0.124,33.0,26.0,36.0,2190.0,1.07
Gen_nc[4],0.938,0.662,-0.424,2.117,0.016,0.011,1801.0,1801.0,1744.0,1802.0,1.03
Gen_nc[5],-0.241,0.643,-1.578,0.895,0.02,0.029,1024.0,242.0,999.0,1267.0,1.02
Gen_nc[6],-0.631,0.836,-2.018,0.944,0.146,0.104,33.0,33.0,33.0,856.0,1.08
Gen_nc[7],-0.115,0.577,-1.227,0.965,0.014,0.017,1751.0,598.0,1693.0,1846.0,1.1
Gen_nc[8],-0.583,0.588,-1.639,0.587,0.035,0.025,285.0,285.0,343.0,1690.0,1.02
Gen_nc[9],0.473,0.819,-1.088,2.042,0.017,0.02,2362.0,856.0,2313.0,1872.0,1.08
Gen_nc[10],0.587,0.968,-1.142,2.158,0.191,0.152,26.0,21.0,26.0,279.0,1.1
Gen_nc[11],0.08,0.829,-1.372,1.526,0.168,0.12,24.0,24.0,25.0,127.0,1.1
Gen_nc[12],0.45,0.963,-1.034,2.361,0.234,0.208,17.0,11.0,19.0,39.0,1.14
Gen_nc[13],-0.47,0.777,-1.908,1.099,0.02,0.016,1548.0,1177.0,1481.0,2032.0,1.03
Gen_nc[14],0.025,0.966,-1.491,1.85,0.238,0.171,17.0,17.0,18.0,31.0,1.14
Gen_nc[15],-0.712,0.715,-2.048,0.677,0.018,0.013,1540.0,1465.0,1427.0,1798.0,1.03
Gen_nc[16],-0.136,0.814,-1.487,1.577,0.053,0.037,238.0,238.0,333.0,2029.0,1.02
Gen_nc[17],-0.1,0.834,-1.712,1.469,0.017,0.021,2312.0,793.0,2324.0,1732.0,1.06
Gen_nc[18],0.284,0.86,-1.452,1.84,0.02,0.041,1762.0,220.0,1490.0,1541.0,1.03
Gen_nc[19],0.624,0.852,-0.847,2.318,0.052,0.057,266.0,110.0,311.0,2396.0,1.02
Gen_nc[20],-0.084,0.831,-1.665,1.455,0.024,0.028,1167.0,433.0,1265.0,2619.0,1.04
Gen_nc[21],0.325,0.751,-0.972,1.76,0.088,0.062,73.0,73.0,78.0,1911.0,1.04
Gen_nc[22],0.76,0.704,-0.605,1.893,0.09,0.064,60.0,60.0,61.0,2289.0,1.04
Gen_nc[23],-2.003,0.724,-3.333,-0.668,0.064,0.045,129.0,129.0,151.0,1693.0,1.03
Gen_nc[24],0.5,1.067,-1.058,2.602,0.301,0.283,13.0,8.0,16.0,21.0,1.17
Gen_nc[25],0.252,0.69,-1.0,1.706,0.013,0.026,2625.0,360.0,2551.0,1563.0,1.1
Gen_nc[26],-0.483,0.81,-2.098,1.043,0.019,0.032,1792.0,325.0,1359.0,1656.0,1.02
Gen_nc[27],-0.032,0.668,-1.311,1.121,0.077,0.055,75.0,75.0,74.0,807.0,1.04
Gen_nc[28],0.164,0.567,-0.988,1.222,0.013,0.02,1949.0,385.0,1963.0,2361.0,1.1
Gen_nc[29],1.253,0.682,-0.093,2.564,0.015,0.01,2209.0,2209.0,2166.0,2336.0,1.09
Gen_nc[30],0.517,0.832,-0.692,2.233,0.245,0.234,12.0,7.0,15.0,15.0,1.19
Gen_nc[31],-0.068,0.803,-1.52,1.391,0.089,0.063,81.0,81.0,85.0,2105.0,1.04
Gen_nc[32],1.141,0.618,-0.028,2.255,0.092,0.065,46.0,46.0,45.0,781.0,1.06
Gen_nc[33],-0.645,0.716,-2.047,0.693,0.018,0.015,1589.0,1200.0,1504.0,714.0,1.04
Gen_nc[34],0.439,0.761,-0.805,1.827,0.123,0.087,38.0,38.0,39.0,1492.0,1.07
Gen_nc[35],-0.466,0.876,-2.299,1.061,0.021,0.046,1686.0,184.0,1904.0,891.0,1.05
Gen_nc[36],-0.518,0.781,-2.094,0.884,0.019,0.014,1619.0,1619.0,1507.0,2387.0,1.04
Gen_nc[37],-0.187,0.796,-1.793,1.272,0.017,0.026,2144.0,457.0,2074.0,1726.0,1.08
Gen_nc[38],-0.322,0.926,-2.081,1.243,0.137,0.097,46.0,46.0,46.0,1682.0,1.06
Gen_nc[39],-0.368,0.779,-1.826,1.168,0.026,0.04,915.0,189.0,1017.0,1993.0,1.02
Gen_nc[40],1.584,0.65,0.355,2.684,0.088,0.063,54.0,54.0,55.0,2188.0,1.05
Gen_nc[41],-0.408,0.816,-1.876,1.172,0.073,0.052,125.0,125.0,133.0,2169.0,1.02
Gen_nc[42],-0.072,0.734,-1.427,1.067,0.155,0.111,22.0,22.0,23.0,394.0,1.11
Gen_nc[43],0.961,0.815,-0.746,2.317,0.073,0.052,125.0,125.0,143.0,2082.0,1.03
Gen_nc[44],-1.627,0.765,-2.994,-0.209,0.094,0.067,66.0,66.0,74.0,1629.0,1.04
Gen_nc[45],-0.686,0.81,-2.134,0.927,0.036,0.026,503.0,503.0,465.0,2062.0,1.02
Gen_nc[46],0.628,0.76,-0.808,1.88,0.133,0.098,33.0,31.0,34.0,1131.0,1.08
Gen_nc[47],0.265,0.849,-1.451,1.867,0.017,0.019,2382.0,977.0,2407.0,1427.0,1.06
Gen_nc[48],0.839,0.797,-0.645,2.417,0.023,0.016,1168.0,1168.0,1183.0,2331.0,1.03
Gen_nc[49],0.077,0.858,-1.564,1.423,0.152,0.109,32.0,32.0,33.0,2173.0,1.08
Gen_nc[50],1.096,0.825,-0.368,2.665,0.034,0.041,592.0,203.0,594.0,1753.0,1.02
Gen_nc[51],0.42,0.881,-1.391,1.997,0.019,0.015,2138.0,1678.0,2095.0,1891.0,1.02
Gen_nc[52],0.796,0.852,-0.633,2.475,0.068,0.048,156.0,156.0,193.0,1212.0,1.02
Gen_nc[53],-0.22,0.773,-1.793,1.183,0.017,0.028,2093.0,382.0,1711.0,2260.0,1.05
Gen_nc[54],0.64,0.749,-0.815,2.081,0.018,0.012,1803.0,1803.0,1822.0,1974.0,1.09
Gen_nc[55],0.178,0.766,-1.28,1.571,0.019,0.022,1582.0,583.0,1583.0,2424.0,1.05
Gen_nc[56],0.889,0.844,-0.769,2.243,0.117,0.083,52.0,52.0,60.0,2247.0,1.04
Gen_nc[57],-0.137,0.822,-1.781,1.256,0.086,0.061,90.0,90.0,96.0,2044.0,1.03
Gen_nc[58],-0.679,0.952,-2.294,0.898,0.209,0.15,21.0,21.0,24.0,151.0,1.11
Gen_nc[59],-0.561,0.809,-1.976,1.085,0.019,0.014,1789.0,1789.0,1671.0,2743.0,1.02
Gen_nc[60],-0.479,0.807,-2.025,1.084,0.015,0.016,2791.0,1318.0,2722.0,1557.0,1.09
Gen_nc[61],0.51,0.8,-1.126,1.825,0.082,0.058,94.0,94.0,95.0,2099.0,1.03
Gen_nc[62],-0.026,0.801,-1.573,1.428,0.018,0.037,1881.0,237.0,1863.0,2137.0,1.08
Gen_nc[63],0.753,0.739,-0.59,2.063,0.081,0.057,83.0,83.0,94.0,2303.0,1.03
Gen_nc[64],0.714,0.869,-0.93,2.318,0.067,0.047,169.0,169.0,185.0,1893.0,1.02
Gen_nc[65],0.085,0.785,-1.491,1.498,0.031,0.022,660.0,660.0,901.0,2438.0,1.01
Gen_nc[66],0.039,0.769,-1.432,1.472,0.018,0.021,1765.0,684.0,1746.0,2433.0,1.01
Gen_nc[67],0.14,0.825,-1.385,1.442,0.17,0.122,24.0,24.0,26.0,166.0,1.1
Gen_nc[68],0.509,0.802,-1.007,1.96,0.075,0.053,116.0,116.0,124.0,2443.0,1.03
Gen_nc[69],-0.051,0.792,-1.563,1.492,0.014,0.03,3286.0,357.0,3248.0,2058.0,1.11
Gen_nc[70],-0.486,0.776,-1.893,1.072,0.014,0.017,2939.0,1084.0,2768.0,2160.0,1.07
Gen_nc[71],0.134,0.674,-1.142,1.437,0.021,0.015,1007.0,1007.0,1025.0,1369.0,1.02
Gen_nc[72],-0.322,0.833,-1.904,0.939,0.146,0.104,32.0,32.0,35.0,2484.0,1.08
Gen_nc[73],0.188,0.601,-0.862,1.246,0.073,0.052,68.0,68.0,75.0,1639.0,1.05
Gen_nc[74],-0.085,0.58,-1.108,0.856,0.113,0.081,26.0,26.0,27.0,251.0,1.1
Gen_nc[75],-0.117,0.801,-1.467,1.569,0.049,0.035,267.0,267.0,283.0,750.0,1.02
Gen_nc[76],0.774,0.778,-0.658,2.324,0.017,0.014,2195.0,1466.0,2094.0,992.0,1.08
Gen_nc[77],0.028,0.782,-1.469,1.489,0.019,0.019,1614.0,840.0,1279.0,1884.0,1.02
Gen_nc[78],-0.861,0.761,-2.182,0.601,0.103,0.073,55.0,55.0,58.0,2004.0,1.05
Gen_nc[79],-1.247,0.757,-2.758,0.194,0.022,0.024,1170.0,501.0,1171.0,1632.0,1.07
Gen_nc[80],0.489,0.801,-1.055,1.918,0.027,0.019,851.0,851.0,680.0,2015.0,1.02
Gen_nc[81],-0.609,1.013,-2.411,0.992,0.26,0.233,15.0,10.0,18.0,123.0,1.15
Gen_nc[82],-0.995,0.89,-2.654,0.735,0.09,0.064,98.0,98.0,106.0,1671.0,1.03
Gen_nc[83],-0.038,0.801,-1.608,1.478,0.015,0.025,2776.0,507.0,2738.0,1991.0,1.06
Gen_nc[84],1.076,0.765,-0.097,2.582,0.148,0.106,27.0,27.0,27.0,980.0,1.09
Gen_nc[85],0.279,0.631,-0.893,1.563,0.017,0.012,1408.0,1408.0,1269.0,2227.0,1.02
Gen_nc[86],0.254,0.66,-1.053,1.398,0.07,0.05,88.0,88.0,88.0,1424.0,1.03
Gen_nc[87],0.286,0.656,-0.953,1.348,0.085,0.06,60.0,60.0,65.0,1613.0,1.04
Gen_nc[88],0.163,0.674,-1.021,1.499,0.047,0.033,209.0,209.0,211.0,1933.0,1.02
Gen_nc[89],-1.387,0.635,-2.527,-0.067,0.018,0.013,1279.0,1279.0,1334.0,779.0,1.09
Gen_nc[90],-0.559,0.733,-2.038,0.712,0.09,0.064,66.0,66.0,66.0,1668.0,1.04
Gen_nc[91],-0.04,0.797,-1.63,1.427,0.03,0.021,719.0,719.0,762.0,1432.0,1.02
Gen_nc[92],-0.609,0.768,-2.108,0.864,0.014,0.018,2931.0,954.0,2773.0,1955.0,1.12
Gen_nc[93],-0.731,0.852,-2.252,0.955,0.091,0.065,87.0,87.0,90.0,1957.0,1.04
Gen_nc[94],-0.85,0.658,-1.998,0.504,0.016,0.011,1699.0,1699.0,1680.0,1536.0,1.04
Gen_nc[95],-0.03,0.806,-1.705,1.361,0.027,0.019,891.0,891.0,881.0,1619.0,1.02
Gen_nc[96],-0.109,0.753,-1.537,1.297,0.021,0.026,1282.0,422.0,1231.0,2058.0,1.02
Gen_nc[97],0.344,0.787,-1.049,1.867,0.087,0.062,82.0,82.0,87.0,2123.0,1.03
Gen_nc[98],-0.367,0.593,-1.549,0.768,0.015,0.013,1603.0,1068.0,1559.0,677.0,1.06
Gen_nc[99],0.304,0.787,-1.158,1.776,0.085,0.061,85.0,85.0,100.0,2053.0,1.03
Gen_nc[100],0.016,0.784,-1.411,1.591,0.015,0.032,2862.0,301.0,2822.0,1882.0,1.11
Gen_nc[101],-0.108,0.93,-1.811,1.446,0.15,0.107,39.0,39.0,41.0,815.0,1.07
Gen_nc[102],-0.179,0.624,-1.364,0.928,0.053,0.038,138.0,138.0,165.0,1630.0,1.03
Gen_nc[103],0.266,0.704,-1.126,1.573,0.013,0.023,2993.0,472.0,2913.0,2147.0,1.07
Gen_nc[104],0.537,0.802,-0.859,2.09,0.022,0.035,1318.0,260.0,1394.0,2240.0,1.02
Gen_nc[105],-0.496,0.774,-1.998,0.962,0.019,0.04,1617.0,187.0,1756.0,2526.0,1.05
Gen_nc[106],0.266,0.945,-1.336,2.172,0.096,0.068,96.0,96.0,107.0,1522.0,1.03
Gen_nc[107],0.239,0.943,-1.45,1.792,0.209,0.15,20.0,20.0,24.0,214.0,1.1
Gen_nc[108],0.365,0.78,-1.141,1.894,0.015,0.034,2719.0,257.0,2644.0,2027.0,1.08
Gen_nc[109],0.034,0.839,-1.6,1.542,0.04,0.028,435.0,435.0,448.0,2478.0,1.02
Gen_nc[110],0.849,0.797,-0.831,2.226,0.022,0.016,1315.0,1315.0,1370.0,1598.0,1.04
Gen_nc[111],-0.525,0.893,-2.155,0.96,0.161,0.115,31.0,31.0,32.0,261.0,1.09
Gen_nc[112],0.708,0.783,-0.667,2.317,0.02,0.016,1467.0,1238.0,1389.0,832.0,1.03
Gen_nc[113],-0.046,0.966,-1.484,1.884,0.256,0.185,14.0,14.0,18.0,29.0,1.14
Gen_nc[114],-0.447,0.821,-1.835,1.204,0.094,0.067,76.0,76.0,79.0,2295.0,1.04
Gen_nc[115],-0.333,0.78,-1.828,1.105,0.028,0.02,762.0,762.0,713.0,2188.0,1.02
Gen_nc[116],0.304,0.813,-1.141,1.992,0.044,0.045,338.0,167.0,393.0,1083.0,1.02
Gen_nc[117],-0.545,0.812,-2.003,1.026,0.021,0.015,1463.0,1463.0,1491.0,2240.0,1.01
Gen_nc[118],1.008,0.738,-0.467,2.25,0.088,0.063,70.0,70.0,73.0,1402.0,1.04
Gen_nc[119],-1.676,0.835,-3.261,-0.055,0.026,0.018,1051.0,1051.0,1015.0,2264.0,1.05
benthopelagic,-0.224,0.399,-0.972,0.545,0.014,0.01,770.0,770.0,774.0,1137.0,1.11
demersal,-0.063,0.395,-0.781,0.703,0.014,0.011,756.0,643.0,758.0,1144.0,1.1
pelagic,0.849,0.629,-0.445,1.964,0.016,0.012,1574.0,1415.0,1513.0,2000.0,1.07
pelagic_neritic,-0.075,0.401,-0.817,0.682,0.015,0.013,729.0,484.0,732.0,1027.0,1.05
pelagic_oceanic,0.039,0.418,-0.805,0.815,0.015,0.012,817.0,656.0,823.0,1584.0,1.06
reef_associated,-0.71,0.417,-1.497,0.089,0.015,0.011,759.0,759.0,760.0,1139.0,1.08
polar_deep,-0.18,0.498,-1.113,0.789,0.018,0.013,791.0,787.0,806.0,1110.0,1.06
subtropical,-0.061,0.474,-0.888,0.848,0.035,0.025,184.0,184.0,203.0,1274.0,1.03
temperate,0.351,0.49,-0.493,1.312,0.032,0.023,235.0,233.0,313.0,645.0,1.02
tropical,-0.363,0.48,-1.201,0.594,0.03,0.021,263.0,263.0,384.0,1141.0,1.03
MaxDepth,0.092,0.056,-0.012,0.203,0.001,0.001,1477.0,986.0,1452.0,1529.0,1.04
TL,0.139,0.108,-0.062,0.351,0.003,0.002,1294.0,1208.0,1275.0,1592.0,1.06
benthic,-0.152,0.684,-1.156,1.181,0.134,0.096,26.0,26.0,27.0,618.0,1.1
pelagic,-0.199,0.684,-1.325,1.092,0.129,0.092,28.0,28.0,29.0,867.0,1.09
LMax,-0.134,0.099,-0.333,0.043,0.003,0.002,1220.0,1220.0,1195.0,1910.0,1.04
elongate,-0.225,0.287,-0.788,0.312,0.008,0.007,1417.0,876.0,1382.0,1566.0,1.11
flat,-0.098,0.393,-0.788,0.721,0.009,0.009,1743.0,1018.0,1753.0,1832.0,1.1
fusiform,0.191,0.275,-0.336,0.715,0.01,0.007,822.0,822.0,815.0,1860.0,1.03
short_deep,0.127,0.296,-0.441,0.659,0.024,0.017,154.0,154.0,161.0,1907.0,1.03
K,-0.265,0.258,-0.778,0.208,0.008,0.006,1132.0,905.0,1123.0,1220.0,1.09
tm,-0.143,0.141,-0.41,0.132,0.004,0.004,1106.0,543.0,1098.0,1223.0,1.09
muscle,-0.404,0.536,-1.414,0.633,0.016,0.019,1136.0,407.0,1142.0,1534.0,1.11
whole,0.166,0.528,-0.849,1.142,0.015,0.013,1198.0,865.0,1206.0,738.0,1.13
whole_parts,0.052,0.535,-0.949,1.106,0.016,0.024,1154.0,247.0,1133.0,1693.0,1.1
dry,0.811,0.534,-0.167,1.868,0.016,0.011,1094.0,1094.0,1095.0,1737.0,1.1
unknown,-0.596,0.548,-1.649,0.412,0.023,0.022,574.0,318.0,608.0,1734.0,1.02
wet,-0.363,0.533,-1.374,0.609,0.022,0.02,608.0,367.0,622.0,1587.0,1.01
Sigma_class,0.486,0.424,0.001,1.31,0.111,0.083,14.0,14.0,24.0,124.0,1.12
Actinopterygii,-0.077,0.848,-1.743,1.294,0.12,0.086,50.0,50.0,52.0,1471.0,1.06
Elasmobranchii,-0.11,0.94,-1.866,1.344,0.172,0.123,30.0,30.0,33.0,795.0,1.08
Sigma_order,0.551,0.179,0.22,0.904,0.007,0.005,642.0,642.0,626.0,610.0,1.1
Tetraodontiformes,-0.347,0.937,-2.145,1.18,0.151,0.107,39.0,39.0,38.0,1208.0,1.07
Clupeiformes,0.263,0.886,-1.335,1.754,0.161,0.115,30.0,30.0,32.0,1290.0,1.08
Perciformes,-0.33,0.867,-1.979,1.13,0.13,0.092,45.0,45.0,47.0,1324.0,1.06
Mugiliformes,0.163,0.873,-1.492,1.779,0.087,0.062,101.0,101.0,98.0,1346.0,1.03
Rajiformes,0.142,0.991,-1.763,1.669,0.178,0.127,31.0,31.0,33.0,558.0,1.08
Squaliformes,0.201,1.037,-1.71,1.823,0.211,0.151,24.0,24.0,27.0,453.0,1.1
Gadiformes,-0.418,0.957,-2.122,1.112,0.191,0.137,25.0,25.0,27.0,1039.0,1.1
Osmeriformes,0.356,0.936,-1.489,1.772,0.157,0.112,36.0,36.0,36.0,1341.0,1.08
Scorpaeniformes,0.205,1.006,-1.647,1.865,0.181,0.13,31.0,31.0,34.0,1333.0,1.08
Salmoniformes,0.431,1.0,-1.359,2.031,0.186,0.133,29.0,29.0,30.0,539.0,1.09
Pleuronectiformes,-0.767,0.942,-2.462,0.858,0.138,0.098,47.0,47.0,50.0,1306.0,1.06
Anguilliformes,0.059,0.919,-1.715,1.73,0.038,0.027,580.0,580.0,397.0,1430.0,1.02
Carcharhiniformes,-0.436,1.038,-2.299,1.246,0.211,0.151,24.0,24.0,26.0,369.0,1.1
Myliobatiformes,-0.573,0.956,-2.612,1.081,0.031,0.052,928.0,166.0,894.0,1694.0,1.02
Lophiiformes,-0.494,0.94,-2.292,1.276,0.063,0.049,222.0,186.0,214.0,1439.0,1.02
Atheriniformes,0.14,0.958,-1.783,1.562,0.16,0.114,36.0,36.0,38.0,901.0,1.07
Beloniformes,0.185,0.918,-1.464,1.928,0.093,0.066,98.0,98.0,104.0,1315.0,1.04
Myctophiformes,0.467,0.914,-1.304,2.014,0.118,0.084,60.0,60.0,62.0,1694.0,1.05
Aulopiformes,-0.726,1.004,-2.579,0.994,0.137,0.098,53.0,53.0,57.0,1548.0,1.06
Beryciformes,-0.264,0.925,-2.208,1.227,0.1,0.071,86.0,86.0,89.0,1208.0,1.04
Cypriniformes,0.192,0.883,-1.54,1.515,0.139,0.099,40.0,40.0,42.0,1150.0,1.06
Siluriformes,-0.327,0.932,-2.035,1.168,0.167,0.119,31.0,31.0,34.0,1229.0,1.09
Sigma_family,0.187,0.114,0.0,0.383,0.007,0.005,301.0,301.0,288.0,588.0,1.07
Balistidae,-0.327,0.95,-2.135,1.225,0.151,0.107,40.0,40.0,40.0,1041.0,1.07
Clupeidae,0.314,0.871,-1.375,1.71,0.149,0.106,34.0,34.0,35.0,1300.0,1.07
Trichiuridae,-0.366,0.874,-2.046,1.197,0.089,0.063,96.0,96.0,99.0,1459.0,1.03
Mugilidae,0.195,0.863,-1.509,1.75,0.067,0.047,167.0,167.0,162.0,1398.0,1.03
Carangidae,-0.244,0.888,-1.972,1.175,0.138,0.098,42.0,42.0,45.0,1391.0,1.06
Sciaenidae,-0.391,0.893,-2.041,1.148,0.143,0.102,39.0,39.0,42.0,1376.0,1.07
Scombridae,-0.226,0.882,-1.921,1.222,0.121,0.086,53.0,53.0,57.0,1397.0,1.05
Rajidae,0.152,0.962,-1.763,1.662,0.138,0.098,49.0,49.0,52.0,1369.0,1.06
Squalidae,0.24,1.013,-1.562,1.887,0.188,0.135,29.0,29.0,32.0,1207.0,1.08
Centropomidae,-0.297,0.884,-1.983,1.19,0.133,0.095,44.0,44.0,47.0,1364.0,1.06
Merlucciidae,-0.489,0.977,-2.176,1.114,0.202,0.144,23.0,23.0,25.0,637.0,1.11
Gadidae,-0.366,0.956,-2.099,1.158,0.187,0.133,26.0,26.0,28.0,611.0,1.09
Osmeridae,0.428,0.912,-1.428,1.848,0.136,0.097,45.0,45.0,44.0,1279.0,1.06
Sebastidae,0.237,0.992,-1.585,1.942,0.166,0.118,36.0,36.0,37.0,1404.0,1.07
Salmonidae,0.521,1.005,-1.324,2.116,0.191,0.136,28.0,28.0,29.0,339.0,1.09
Polyprionidae,-0.287,0.855,-1.889,1.285,0.072,0.051,140.0,140.0,134.0,1393.0,1.03
Soleidae,-0.917,0.951,-2.706,0.606,0.153,0.109,39.0,39.0,40.0,1528.0,1.07
Anguillidae,0.074,0.908,-1.782,1.688,0.025,0.025,1359.0,668.0,1316.0,1453.0,1.04
Moronidae,-0.34,0.891,-2.027,1.192,0.13,0.092,47.0,47.0,49.0,1452.0,1.06
Sparidae,-0.228,0.876,-1.808,1.363,0.13,0.093,45.0,45.0,48.0,1358.0,1.06
Engraulidae,0.419,0.889,-1.267,1.869,0.153,0.109,34.0,34.0,35.0,1322.0,1.07
Triakidae,-0.499,1.027,-2.32,1.18,0.209,0.15,24.0,24.0,26.0,383.0,1.1
Myliobatidae,-0.628,0.971,-2.651,1.011,0.033,0.054,883.0,165.0,884.0,1438.0,1.02
Xiphiidae,-0.376,0.899,-2.192,1.065,0.141,0.101,41.0,41.0,42.0,1428.0,1.07
Pleuronectidae,-0.798,0.952,-2.54,0.825,0.143,0.102,44.0,44.0,44.0,1439.0,1.06
Lophiidae,-0.552,0.951,-2.337,1.214,0.072,0.054,175.0,156.0,176.0,1490.0,1.03
Scophthalmidae,-0.741,0.938,-2.477,0.897,0.128,0.091,54.0,54.0,55.0,1618.0,1.05
Mullidae,-0.235,0.894,-1.948,1.281,0.132,0.094,46.0,46.0,51.0,1572.0,1.06
Gobiidae,-0.379,0.916,-2.197,1.028,0.164,0.117,31.0,31.0,32.0,1378.0,1.08
Atherinidae,0.17,0.952,-1.703,1.671,0.149,0.106,41.0,41.0,43.0,1039.0,1.06
Belonidae,0.255,0.947,-1.453,1.957,0.126,0.09,56.0,56.0,59.0,1360.0,1.05
Myctophidae,0.556,0.908,-1.133,2.179,0.105,0.074,75.0,75.0,79.0,1493.0,1.04
Sillaginidae,-0.424,0.896,-2.117,1.116,0.133,0.095,45.0,45.0,45.0,1394.0,1.06
Leiognathidae,-0.324,0.874,-1.98,1.212,0.12,0.086,53.0,53.0,54.0,1496.0,1.05
Haemulidae,-0.4,0.876,-2.084,1.174,0.105,0.074,70.0,70.0,68.0,1402.0,1.04
Lethrinidae,-0.446,0.885,-2.061,1.182,0.127,0.09,49.0,49.0,47.0,1433.0,1.06
Lutjanidae,-0.33,0.876,-1.987,1.168,0.117,0.083,56.0,56.0,61.0,1421.0,1.05
Nemipteridae,-0.329,0.898,-2.086,1.086,0.143,0.102,40.0,40.0,42.0,1218.0,1.06
Sphyraenidae,-0.36,0.875,-2.063,1.186,0.092,0.065,91.0,91.0,86.0,1253.0,1.04
Dussumieriidae,0.109,0.889,-1.728,1.475,0.141,0.1,40.0,40.0,41.0,1244.0,1.07
Bregmacerotidae,-0.495,0.945,-2.179,1.136,0.165,0.118,33.0,33.0,34.0,1399.0,1.08
Synodontidae,-0.816,1.036,-2.738,0.884,0.179,0.128,34.0,34.0,35.0,1585.0,1.08
Gerreidae,-0.323,0.895,-1.976,1.245,0.141,0.101,40.0,40.0,42.0,1436.0,1.06
Serranidae,-0.31,0.88,-2.012,1.164,0.129,0.092,46.0,46.0,47.0,1340.0,1.06
Acanthuridae,-0.244,0.901,-1.91,1.212,0.159,0.113,32.0,32.0,36.0,1478.0,1.08
Scaridae,-0.404,0.89,-1.995,1.15,0.146,0.104,37.0,37.0,39.0,1324.0,1.07
Monacanthidae,-0.412,0.964,-2.152,1.22,0.165,0.118,34.0,34.0,34.0,1294.0,1.08
Labridae,-0.313,0.907,-1.991,1.189,0.163,0.117,31.0,31.0,33.0,1356.0,1.08
Holocentridae,-0.291,0.917,-2.079,1.341,0.096,0.068,91.0,91.0,99.0,1291.0,1.04
Siganidae,-0.291,0.888,-2.037,1.134,0.138,0.098,42.0,42.0,45.0,1502.0,1.06
Cyprinidae,0.26,0.897,-1.424,1.639,0.154,0.11,34.0,34.0,35.0,587.0,1.08
Ailiidae,-0.334,0.912,-2.138,1.246,0.111,0.079,68.0,68.0,68.0,1217.0,1.05
Anabantidae,-0.306,0.908,-2.011,1.157,0.143,0.102,40.0,40.0,42.0,1476.0,1.07
Siluridae,-0.277,0.964,-2.057,1.251,0.186,0.133,27.0,27.0,29.0,430.0,1.09
Botiidae,0.209,0.909,-1.611,1.562,0.155,0.111,34.0,34.0,35.0,768.0,1.08
Cichlidae,-0.219,0.902,-2.083,1.126,0.14,0.1,41.0,41.0,45.0,1569.0,1.06
Bagridae,-0.404,0.977,-2.102,1.179,0.198,0.141,24.0,24.0,27.0,456.0,1.1
Heteropneustidae,-0.289,0.938,-2.134,1.15,0.158,0.112,35.0,35.0,38.0,1251.0,1.08
Clariidae,-0.424,0.904,-2.09,1.219,0.113,0.08,64.0,64.0,65.0,1297.0,1.05
Percidae,-0.498,0.935,-2.347,0.922,0.165,0.118,32.0,32.0,34.0,1308.0,1.08
Sigma_genus,0.414,0.071,0.283,0.557,0.003,0.002,529.0,517.0,523.0,1040.0,1.07
Balistes,-0.238,0.943,-1.989,1.355,0.14,0.1,45.0,45.0,50.0,1377.0,1.06
Clupea,0.246,0.884,-1.491,1.701,0.131,0.093,46.0,46.0,49.0,1281.0,1.06
Aphanopus,-0.415,0.9,-2.199,1.242,0.025,0.045,1308.0,198.0,1252.0,1374.0,1.02
Chelon,0.576,0.925,-1.212,2.104,0.143,0.102,42.0,42.0,43.0,1522.0,1.06
Tenualosa,0.702,0.913,-1.062,2.194,0.16,0.114,33.0,33.0,35.0,1406.0,1.08
Caranx,-0.34,0.939,-2.198,1.127,0.159,0.113,35.0,35.0,37.0,1384.0,1.07
Sciaenops,-0.652,0.898,-2.322,1.096,0.068,0.057,176.0,123.0,186.0,1369.0,1.02
Scomber,-0.275,0.884,-1.93,1.266,0.125,0.089,50.0,50.0,51.0,1461.0,1.05
Trachurus,-0.481,0.877,-2.231,0.983,0.115,0.082,58.0,58.0,60.0,1452.0,1.05
Raja,0.352,0.994,-1.607,1.942,0.139,0.099,51.0,51.0,55.0,969.0,1.06
Squalus,0.484,1.118,-1.309,2.462,0.269,0.216,17.0,14.0,20.0,152.0,1.13
Centropomus,-0.261,0.886,-1.942,1.397,0.044,0.036,413.0,302.0,353.0,1132.0,1.02
Macrodon,-0.21,1.024,-1.909,1.626,0.24,0.173,18.0,18.0,21.0,120.0,1.13
Micropogonias,-0.589,0.924,-2.23,1.139,0.121,0.086,59.0,59.0,60.0,1467.0,1.05
Mugil,0.207,0.965,-1.685,1.708,0.18,0.128,29.0,29.0,31.0,718.0,1.08
Merluccius,-0.786,0.966,-2.479,0.867,0.192,0.137,25.0,25.0,28.0,459.0,1.09
Gadus,-0.422,0.951,-2.17,1.201,0.152,0.108,39.0,39.0,42.0,1440.0,1.07
Hypomesus,0.385,0.928,-1.549,1.843,0.118,0.084,62.0,62.0,66.0,1041.0,1.05
Sebastes,0.36,0.973,-1.514,1.966,0.139,0.099,49.0,49.0,55.0,1372.0,1.05
Oncorhynchus,0.787,0.961,-1.112,2.255,0.152,0.108,40.0,40.0,41.0,1190.0,1.07
Mallotus,0.395,0.96,-1.333,2.029,0.162,0.115,35.0,35.0,36.0,1651.0,1.07
Sardinops,0.454,0.889,-1.189,2.068,0.099,0.07,81.0,81.0,85.0,1317.0,1.04
Polyprion,0.029,0.902,-1.728,1.558,0.122,0.087,54.0,54.0,55.0,1550.0,1.05
Dicologlossa,-1.748,0.916,-3.435,-0.14,0.12,0.085,58.0,58.0,59.0,1222.0,1.05
Anguilla,0.279,0.949,-1.469,1.86,0.168,0.12,32.0,32.0,36.0,1434.0,1.08
Euthynnus,-0.121,0.921,-1.875,1.507,0.109,0.077,72.0,72.0,74.0,1478.0,1.04
Micromesistius,-0.572,1.009,-2.32,1.193,0.21,0.15,23.0,23.0,25.0,134.0,1.11
Dicentrarchus,-0.353,0.921,-2.066,1.179,0.167,0.119,31.0,31.0,33.0,436.0,1.08
Pagellus,-0.163,0.903,-1.948,1.315,0.133,0.095,46.0,46.0,49.0,1372.0,1.06
Engraulis,0.939,0.898,-0.697,2.464,0.151,0.108,35.0,35.0,36.0,1312.0,1.07
Dentex,-0.018,1.02,-1.731,1.756,0.234,0.168,19.0,19.0,22.0,98.0,1.12
Galeorhinus,-0.529,0.959,-2.262,1.091,0.162,0.116,35.0,35.0,38.0,1381.0,1.07
Sparus,0.245,0.943,-1.568,1.733,0.171,0.122,30.0,30.0,33.0,1369.0,1.08
Pagrus,-0.491,0.917,-2.276,1.06,0.12,0.086,58.0,58.0,59.0,1372.0,1.05
Solea,-0.74,0.903,-2.471,0.872,0.095,0.068,89.0,89.0,90.0,1051.0,1.04
Aetomylaeus,-0.825,0.969,-2.817,0.794,0.059,0.057,273.0,146.0,244.0,1140.0,1.02
Xiphias,-0.595,0.934,-2.462,1.008,0.119,0.085,61.0,61.0,64.0,1536.0,1.05
Pleuronectes,-0.882,0.95,-2.712,0.697,0.138,0.099,47.0,47.0,50.0,1104.0,1.06
Lophius,-0.688,1.0,-2.546,1.056,0.142,0.101,49.0,49.0,55.0,1294.0,1.05
Scophthalmus,-0.896,0.964,-2.816,0.585,0.156,0.111,38.0,38.0,39.0,1589.0,1.07
Mullus,0.416,0.949,-1.305,2.001,0.174,0.125,30.0,30.0,34.0,915.0,1.08
Sarpa,-0.399,0.893,-2.098,1.187,0.092,0.065,94.0,94.0,99.0,1480.0,1.03
Diplodus,-0.255,0.95,-1.884,1.275,0.199,0.142,23.0,23.0,25.0,262.0,1.11
Lepidorhombus,-0.343,0.988,-2.091,1.359,0.168,0.12,35.0,35.0,37.0,1421.0,1.07
Sprattus,-0.363,0.88,-2.124,1.214,0.098,0.07,80.0,80.0,82.0,1594.0,1.04
Ponticola,-0.668,0.945,-2.445,1.01,0.136,0.097,48.0,48.0,50.0,1560.0,1.06
Alosa,0.571,0.95,-1.073,2.128,0.207,0.159,21.0,18.0,23.0,235.0,1.11
Atherina,0.283,0.932,-1.404,1.845,0.166,0.119,31.0,31.0,34.0,717.0,1.08
Thaleichthys,0.779,0.944,-0.99,2.395,0.162,0.116,34.0,34.0,35.0,1122.0,1.08
Beringraja,0.185,1.055,-1.672,1.873,0.208,0.149,26.0,26.0,28.0,917.0,1.1
Merlangius,0.094,0.982,-1.678,1.799,0.161,0.115,37.0,37.0,39.0,993.0,1.07
Belone,0.433,0.972,-1.382,2.136,0.145,0.103,45.0,45.0,48.0,1421.0,1.06
Spicara,0.104,0.896,-1.663,1.707,0.087,0.062,106.0,106.0,104.0,1417.0,1.03
Sarda,-0.315,0.946,-2.12,1.288,0.135,0.096,49.0,49.0,51.0,1469.0,1.06
Diaphus,0.824,0.907,-0.868,2.43,0.108,0.077,70.0,70.0,72.0,1451.0,1.05
Benthosema,0.634,0.928,-1.108,2.26,0.118,0.084,62.0,62.0,65.0,1736.0,1.05
Katsuwonus,0.142,0.994,-1.618,1.831,0.174,0.124,33.0,33.0,38.0,1375.0,1.07
Aldrichetta,0.138,0.912,-1.622,1.722,0.117,0.083,61.0,61.0,63.0,1708.0,1.05
Sillaginodes,-0.714,1.018,-2.497,0.914,0.226,0.162,20.0,20.0,23.0,601.0,1.11
Mustelus,-0.735,1.027,-2.585,0.96,0.195,0.139,28.0,28.0,30.0,431.0,1.09
Spratelloides,0.116,0.913,-1.63,1.65,0.133,0.095,47.0,47.0,48.0,1388.0,1.06
Amblygaster,0.527,0.966,-1.173,2.169,0.186,0.133,27.0,27.0,30.0,1079.0,1.09
Auxis,-0.233,0.931,-2.054,1.422,0.109,0.078,72.0,72.0,75.0,1148.0,1.04
Decapterus,0.068,0.956,-1.794,1.545,0.177,0.126,29.0,29.0,32.0,836.0,1.08
Encrasicholina,0.72,0.983,-1.131,2.224,0.187,0.141,28.0,25.0,28.0,475.0,1.09
Equulites,-0.29,0.941,-2.116,1.236,0.146,0.104,42.0,42.0,44.0,1305.0,1.06
Karalla,-0.308,0.904,-2.063,1.292,0.088,0.062,107.0,107.0,103.0,1471.0,1.03
Photopectoralis,-0.267,0.971,-2.154,1.242,0.192,0.138,25.0,25.0,30.0,872.0,1.09
Rastrelliger,-0.013,0.958,-1.771,1.626,0.161,0.115,35.0,35.0,40.0,1263.0,1.07
Sillago,-0.445,0.936,-2.268,1.143,0.121,0.086,60.0,60.0,56.0,1378.0,1.05
Stolephorus,0.22,0.927,-1.475,1.755,0.145,0.103,41.0,41.0,45.0,1284.0,1.06
Carangoides,-0.185,0.942,-1.996,1.337,0.158,0.113,35.0,35.0,39.0,1099.0,1.07
Diagramma,-0.539,0.96,-2.4,0.945,0.175,0.125,30.0,30.0,32.0,1492.0,1.08
Lethrinus,-0.378,0.917,-2.1,1.128,0.165,0.118,31.0,31.0,33.0,1344.0,1.08
Lutjanus,-0.366,0.935,-2.123,1.141,0.169,0.121,31.0,31.0,33.0,1339.0,1.08
Nemipterus,-0.38,0.931,-2.234,1.181,0.109,0.078,72.0,72.0,76.0,1323.0,1.04
Selar,0.08,0.94,-1.64,1.744,0.14,0.1,45.0,45.0,50.0,1272.0,1.06
Sphyraena,-0.347,0.924,-2.207,1.237,0.116,0.083,63.0,63.0,60.0,1271.0,1.05
Sardinella,-0.039,0.876,-1.672,1.547,0.095,0.067,85.0,85.0,86.0,1558.0,1.04
Dussumieria,-0.411,0.913,-2.128,1.06,0.155,0.111,35.0,35.0,36.0,1265.0,1.07
Megalaspis,-0.038,0.972,-1.828,1.593,0.167,0.119,34.0,34.0,37.0,1393.0,1.07
Bregmaceros,-0.75,0.894,-2.36,1.06,0.03,0.053,897.0,141.0,794.0,1501.0,1.01
Harpadon,-1.234,0.968,-3.113,0.335,0.14,0.1,48.0,48.0,48.0,1401.0,1.06
Pentaprion,-0.339,0.937,-2.129,1.282,0.13,0.093,52.0,52.0,55.0,1481.0,1.05
Sardina,0.761,0.854,-0.913,2.304,0.063,0.045,183.0,183.0,175.0,1325.0,1.03
Aethaloperca,-0.194,0.919,-2.016,1.29,0.143,0.102,41.0,41.0,43.0,1408.0,1.07
Aprion,-0.226,0.934,-1.869,1.466,0.152,0.108,38.0,38.0,40.0,1396.0,1.07
Cephalopholis,-0.195,0.935,-2.037,1.236,0.167,0.119,31.0,31.0,33.0,1091.0,1.08
Ctenochaetus,-0.176,0.886,-1.908,1.308,0.129,0.092,47.0,47.0,51.0,1516.0,1.06
Monotaxis,-1.021,0.894,-2.783,0.439,0.122,0.087,54.0,54.0,55.0,1637.0,1.05
Parupeneus,-0.466,0.948,-2.239,1.022,0.179,0.128,28.0,28.0,32.0,949.0,1.08
Acanthurus,-0.261,0.978,-2.058,1.384,0.186,0.133,28.0,28.0,32.0,1110.0,1.08
Calotomus,-0.661,0.937,-2.429,0.957,0.142,0.101,44.0,44.0,47.0,1342.0,1.06
Cantherhines,-0.719,0.945,-2.59,0.873,0.12,0.086,62.0,62.0,60.0,1523.0,1.05
Cheilinus,-0.663,0.913,-2.443,0.849,0.148,0.105,38.0,38.0,40.0,1331.0,1.07
Chlorurus,-0.419,0.963,-2.261,1.145,0.17,0.121,32.0,32.0,35.0,1473.0,1.08
Coris,-0.361,0.98,-2.174,1.205,0.183,0.13,29.0,29.0,30.0,1265.0,1.09
Epibulus,-0.169,0.914,-1.863,1.504,0.115,0.082,63.0,63.0,61.0,1301.0,1.05
Epinephelus,-0.46,0.894,-2.116,1.137,0.119,0.084,57.0,57.0,62.0,1310.0,1.05
Hemigymnus,-0.189,0.91,-2.008,1.379,0.118,0.084,60.0,60.0,56.0,1374.0,1.05
Oxycheilinus,-0.309,0.954,-2.094,1.306,0.16,0.114,35.0,35.0,38.0,1310.0,1.07
Sargocentron,-0.341,0.973,-2.109,1.283,0.172,0.123,32.0,32.0,36.0,1292.0,1.08
Scarus,-0.482,0.917,-2.173,0.924,0.177,0.126,27.0,27.0,28.0,978.0,1.09
Siganus,-0.182,0.909,-1.943,1.373,0.129,0.092,50.0,50.0,52.0,1417.0,1.06
Zebrasoma,-0.016,0.921,-1.761,1.631,0.129,0.092,51.0,51.0,51.0,1287.0,1.06
Puntius,0.049,0.969,-1.678,1.64,0.173,0.123,31.0,31.0,33.0,586.0,1.08
Ailia,-0.221,0.959,-2.168,1.526,0.033,0.043,848.0,249.0,800.0,1401.0,1.02
Anabas,-0.211,1.031,-1.908,1.562,0.233,0.167,20.0,20.0,23.0,237.0,1.12
Ompok,-0.125,0.974,-1.933,1.438,0.183,0.13,28.0,28.0,30.0,792.0,1.09
Botia,0.223,0.966,-1.484,1.9,0.186,0.133,27.0,27.0,30.0,182.0,1.09
Etroplus,0.138,0.962,-1.817,1.587,0.158,0.112,37.0,37.0,38.0,1378.0,1.07
Rita,-0.626,1.087,-2.37,1.34,0.269,0.194,16.0,16.0,20.0,101.0,1.14
Gibelion,0.555,0.945,-1.125,2.195,0.169,0.121,31.0,31.0,34.0,453.0,1.08
Sperata,-0.428,1.141,-2.089,1.837,0.306,0.221,14.0,14.0,18.0,33.0,1.14
Cirrhinus,0.075,0.898,-1.712,1.551,0.107,0.076,70.0,70.0,77.0,1358.0,1.04
Labeo,0.122,0.913,-1.726,1.524,0.126,0.089,53.0,53.0,55.0,1319.0,1.05
Heteropneustes,-0.161,0.926,-2.135,1.267,0.129,0.092,51.0,51.0,53.0,1331.0,1.06
Clarias,-0.653,0.928,-2.446,0.915,0.085,0.061,118.0,118.0,122.0,1257.0,1.03
Arabibarbus,0.676,0.955,-1.062,2.204,0.194,0.145,24.0,22.0,26.0,430.0,1.1
Perca,-1.208,0.95,-2.981,0.411,0.148,0.105,41.0,41.0,44.0,1335.0,1.06
Sigma,0.507,0.028,0.459,0.561,0.002,0.002,130.0,124.0,192.0,1985.0,1.03
ExMu[0],0.217,0.042,0.138,0.294,0.001,0.001,1654.0,1654.0,1449.0,3400.0,1.01
ExMu[1],0.217,0.042,0.138,0.294,0.001,0.001,1654.0,1654.0,1449.0,3400.0,1.01
ExMu[2],0.217,0.042,0.138,0.294,0.001,0.001,1654.0,1654.0,1449.0,3400.0,1.01
ExMu[3],0.217,0.042,0.138,0.294,0.001,0.001,1654.0,1654.0,1449.0,3400.0,1.01
ExMu[4],0.217,0.042,0.138,0.294,0.001,0.001,1654.0,1654.0,1449.0,3400.0,1.01
ExMu[5],0.217,0.042,0.138,0.294,0.001,0.001,1654.0,1654.0,1449.0,3400.0,1.01
ExMu[6],1.644,0.325,1.081,2.283,0.012,0.011,713.0,445.0,1591.0,2344.0,1.01
ExMu[7],1.644,0.325,1.081,2.283,0.012,0.011,713.0,445.0,1591.0,2344.0,1.01
ExMu[8],1.644,0.325,1.081,2.283,0.012,0.011,713.0,445.0,1591.0,2344.0,1.01
ExMu[9],1.644,0.325,1.081,2.283,0.012,0.011,713.0,445.0,1591.0,2344.0,1.01
ExMu[10],1.644,0.325,1.081,2.283,0.012,0.011,713.0,445.0,1591.0,2344.0,1.01
ExMu[11],0.228,0.103,0.083,0.407,0.017,0.012,37.0,37.0,23.0,153.0,1.11
ExMu[12],0.932,0.372,0.393,1.674,0.008,0.006,1949.0,1949.0,2403.0,1319.0,1.03
ExMu[13],1.189,0.272,0.712,1.689,0.013,0.009,474.0,474.0,454.0,3262.0,1.01
ExMu[14],1.189,0.272,0.712,1.689,0.013,0.009,474.0,474.0,454.0,3262.0,1.01
ExMu[15],0.205,0.061,0.103,0.321,0.002,0.001,1540.0,1406.0,1865.0,1481.0,1.03
ExMu[16],0.262,0.105,0.105,0.448,0.017,0.012,36.0,36.0,26.0,67.0,1.1
ExMu[17],0.396,0.07,0.261,0.521,0.001,0.001,2621.0,2518.0,2525.0,2906.0,1.02
ExMu[18],0.396,0.07,0.261,0.521,0.001,0.001,2621.0,2518.0,2525.0,2906.0,1.02
ExMu[19],0.396,0.07,0.261,0.521,0.001,0.001,2621.0,2518.0,2525.0,2906.0,1.02
ExMu[20],0.347,0.054,0.25,0.452,0.002,0.002,972.0,528.0,1404.0,2727.0,1.02
ExMu[21],0.347,0.054,0.25,0.452,0.002,0.002,972.0,528.0,1404.0,2727.0,1.02
ExMu[22],0.347,0.054,0.25,0.452,0.002,0.002,972.0,528.0,1404.0,2727.0,1.02
ExMu[23],0.627,0.26,0.25,1.116,0.025,0.018,104.0,104.0,92.0,2092.0,1.03
ExMu[24],0.947,0.446,0.3,1.811,0.093,0.067,23.0,23.0,30.0,689.0,1.09
ExMu[25],0.36,0.144,0.156,0.635,0.023,0.016,40.0,40.0,25.0,203.0,1.1
ExMu[26],0.435,0.173,0.164,0.76,0.042,0.031,17.0,16.0,23.0,69.0,1.12
ExMu[27],0.271,0.098,0.116,0.465,0.006,0.004,283.0,283.0,685.0,2427.0,1.01
ExMu[28],0.526,0.194,0.191,0.866,0.005,0.004,1477.0,1477.0,968.0,1923.0,1.02
ExMu[29],0.276,0.068,0.166,0.402,0.011,0.008,40.0,40.0,43.0,1575.0,1.06
ExMu[30],0.306,0.114,0.119,0.52,0.002,0.002,2850.0,2777.0,2522.0,2564.0,1.02
ExMu[31],1.161,0.483,0.425,2.027,0.022,0.016,472.0,472.0,1252.0,2164.0,1.03
ExMu[32],0.864,0.384,0.287,1.592,0.009,0.007,2000.0,1556.0,3389.0,2382.0,1.05
ExMu[33],1.363,0.48,0.563,2.235,0.011,0.008,1900.0,1900.0,2073.0,2218.0,1.03
ExMu[34],1.176,0.466,0.422,1.982,0.049,0.035,90.0,90.0,69.0,3078.0,1.04
ExMu[35],1.466,0.439,0.729,2.293,0.013,0.01,1118.0,921.0,2369.0,2100.0,1.02
ExMu[36],1.005,0.294,0.466,1.541,0.006,0.004,2652.0,2652.0,2153.0,1596.0,1.06
ExMu[37],0.426,0.056,0.327,0.531,0.003,0.002,277.0,277.0,249.0,1993.0,1.02
ExMu[38],0.426,0.056,0.327,0.531,0.003,0.002,277.0,277.0,249.0,1993.0,1.02
ExMu[39],0.426,0.056,0.327,0.531,0.003,0.002,277.0,277.0,249.0,1993.0,1.02
ExMu[40],0.426,0.056,0.327,0.531,0.003,0.002,277.0,277.0,249.0,1993.0,1.02
ExMu[41],0.426,0.056,0.327,0.531,0.003,0.002,277.0,277.0,249.0,1993.0,1.02
ExMu[42],0.426,0.056,0.327,0.531,0.003,0.002,277.0,277.0,249.0,1993.0,1.02
ExMu[43],0.426,0.056,0.327,0.531,0.003,0.002,277.0,277.0,249.0,1993.0,1.02
ExMu[44],0.426,0.056,0.327,0.531,0.003,0.002,277.0,277.0,249.0,1993.0,1.02
ExMu[45],0.426,0.056,0.327,0.531,0.003,0.002,277.0,277.0,249.0,1993.0,1.02
ExMu[46],0.426,0.056,0.327,0.531,0.003,0.002,277.0,277.0,249.0,1993.0,1.02
ExMu[47],0.426,0.056,0.327,0.531,0.003,0.002,277.0,277.0,249.0,1993.0,1.02
ExMu[48],0.426,0.056,0.327,0.531,0.003,0.002,277.0,277.0,249.0,1993.0,1.02
ExMu[49],0.426,0.056,0.327,0.531,0.003,0.002,277.0,277.0,249.0,1993.0,1.02
ExMu[50],0.426,0.056,0.327,0.531,0.003,0.002,277.0,277.0,249.0,1993.0,1.02
ExMu[51],0.111,0.031,0.063,0.172,0.003,0.002,120.0,120.0,110.0,2434.0,1.03
ExMu[52],0.111,0.031,0.063,0.172,0.003,0.002,120.0,120.0,110.0,2434.0,1.03
ExMu[53],0.111,0.031,0.063,0.172,0.003,0.002,120.0,120.0,110.0,2434.0,1.03
ExMu[54],0.68,0.187,0.362,1.052,0.004,0.003,1883.0,1854.0,2064.0,3062.0,1.03
ExMu[55],0.68,0.187,0.362,1.052,0.004,0.003,1883.0,1854.0,2064.0,3062.0,1.03
ExMu[56],0.68,0.187,0.362,1.052,0.004,0.003,1883.0,1854.0,2064.0,3062.0,1.03
ExMu[57],0.184,0.054,0.099,0.285,0.007,0.005,61.0,61.0,55.0,2076.0,1.05
ExMu[58],0.184,0.054,0.099,0.285,0.007,0.005,61.0,61.0,55.0,2076.0,1.05
ExMu[59],0.367,0.136,0.153,0.627,0.007,0.005,420.0,420.0,211.0,2907.0,1.02
ExMu[60],0.33,0.097,0.173,0.509,0.01,0.007,87.0,87.0,78.0,1580.0,1.03
ExMu[61],0.688,0.153,0.431,0.985,0.013,0.009,143.0,143.0,160.0,1148.0,1.02
ExMu[62],0.688,0.153,0.431,0.985,0.013,0.009,143.0,143.0,160.0,1148.0,1.02
ExMu[63],0.688,0.153,0.431,0.985,0.013,0.009,143.0,143.0,160.0,1148.0,1.02
ExMu[64],1.019,0.234,0.58,1.442,0.006,0.005,1318.0,1318.0,1076.0,1809.0,1.03
ExMu[65],1.019,0.234,0.58,1.442,0.006,0.005,1318.0,1318.0,1076.0,1809.0,1.03
ExMu[66],0.399,0.081,0.254,0.55,0.004,0.003,357.0,357.0,523.0,3228.0,1.02
ExMu[67],0.399,0.081,0.254,0.55,0.004,0.003,357.0,357.0,523.0,3228.0,1.02
ExMu[68],0.686,0.131,0.461,0.935,0.004,0.003,1165.0,1165.0,1149.0,2863.0,1.01
ExMu[69],0.686,0.131,0.461,0.935,0.004,0.003,1165.0,1165.0,1149.0,2863.0,1.01
ExMu[70],0.686,0.131,0.461,0.935,0.004,0.003,1165.0,1165.0,1149.0,2863.0,1.01
ExMu[71],0.686,0.131,0.461,0.935,0.004,0.003,1165.0,1165.0,1149.0,2863.0,1.01
ExMu[72],0.454,0.13,0.266,0.729,0.039,0.031,11.0,10.0,17.0,23.0,1.16
ExMu[73],0.454,0.13,0.266,0.729,0.039,0.031,11.0,10.0,17.0,23.0,1.16
ExMu[74],0.454,0.13,0.266,0.729,0.039,0.031,11.0,10.0,17.0,23.0,1.16
ExMu[75],0.454,0.13,0.266,0.729,0.039,0.031,11.0,10.0,17.0,23.0,1.16
ExMu[76],0.184,0.05,0.103,0.284,0.001,0.001,1232.0,1232.0,1214.0,2175.0,1.01
ExMu[77],0.184,0.05,0.103,0.284,0.001,0.001,1232.0,1232.0,1214.0,2175.0,1.01
ExMu[78],0.184,0.05,0.103,0.284,0.001,0.001,1232.0,1232.0,1214.0,2175.0,1.01
ExMu[79],0.678,0.14,0.422,0.948,0.003,0.002,1894.0,1894.0,1499.0,2635.0,1.03
ExMu[80],0.678,0.14,0.422,0.948,0.003,0.002,1894.0,1894.0,1499.0,2635.0,1.03
ExMu[81],0.678,0.14,0.422,0.948,0.003,0.002,1894.0,1894.0,1499.0,2635.0,1.03
ExMu[82],0.396,0.07,0.261,0.521,0.001,0.001,2621.0,2518.0,2525.0,2906.0,1.02
ExMu[83],0.242,0.07,0.124,0.377,0.002,0.002,842.0,842.0,774.0,2736.0,1.01
ExMu[84],0.242,0.07,0.124,0.377,0.002,0.002,842.0,842.0,774.0,2736.0,1.01
ExMu[85],0.347,0.054,0.25,0.452,0.002,0.002,972.0,528.0,1404.0,2727.0,1.02
ExMu[86],0.347,0.054,0.25,0.452,0.002,0.002,972.0,528.0,1404.0,2727.0,1.02
ExMu[87],0.347,0.054,0.25,0.452,0.002,0.002,972.0,528.0,1404.0,2727.0,1.02
ExMu[88],0.347,0.054,0.25,0.452,0.002,0.002,972.0,528.0,1404.0,2727.0,1.02
ExMu[89],0.226,0.056,0.143,0.336,0.007,0.005,64.0,64.0,53.0,1301.0,1.05
ExMu[90],0.226,0.056,0.143,0.336,0.007,0.005,64.0,64.0,53.0,1301.0,1.05
ExMu[91],0.226,0.056,0.143,0.336,0.007,0.005,64.0,64.0,53.0,1301.0,1.05
ExMu[92],0.226,0.056,0.143,0.336,0.007,0.005,64.0,64.0,53.0,1301.0,1.05
ExMu[93],0.312,0.071,0.182,0.447,0.002,0.002,991.0,991.0,810.0,2177.0,1.02
ExMu[94],0.312,0.071,0.182,0.447,0.002,0.002,991.0,991.0,810.0,2177.0,1.02
ExMu[95],0.261,0.047,0.173,0.347,0.001,0.001,1413.0,1413.0,1105.0,3315.0,1.02
ExMu[96],0.261,0.047,0.173,0.347,0.001,0.001,1413.0,1413.0,1105.0,3315.0,1.02
ExMu[97],0.261,0.047,0.173,0.347,0.001,0.001,1413.0,1413.0,1105.0,3315.0,1.02
ExMu[98],0.261,0.047,0.173,0.347,0.001,0.001,1413.0,1413.0,1105.0,3315.0,1.02
ExMu[99],0.143,0.072,0.041,0.27,0.012,0.008,39.0,39.0,22.0,136.0,1.12
ExMu[100],0.355,0.142,0.136,0.628,0.011,0.008,161.0,161.0,229.0,2528.0,1.02
ExMu[101],0.261,0.047,0.173,0.347,0.001,0.001,1413.0,1413.0,1105.0,3315.0,1.02
ExMu[102],0.261,0.047,0.173,0.347,0.001,0.001,1413.0,1413.0,1105.0,3315.0,1.02
ExMu[103],0.257,0.099,0.091,0.431,0.002,0.002,2030.0,1983.0,2009.0,2023.0,1.02
ExMu[104],0.257,0.108,0.078,0.447,0.002,0.002,1976.0,1976.0,877.0,2753.0,1.01
ExMu[105],0.297,0.087,0.148,0.456,0.002,0.002,1485.0,1485.0,1093.0,1770.0,1.01
ExMu[106],0.297,0.087,0.148,0.456,0.002,0.002,1485.0,1485.0,1093.0,1770.0,1.01
ExMu[107],0.792,0.163,0.484,1.083,0.005,0.003,1249.0,1249.0,961.0,3012.0,1.01
ExMu[108],0.792,0.163,0.484,1.083,0.005,0.003,1249.0,1249.0,961.0,3012.0,1.01
ExMu[109],0.792,0.163,0.484,1.083,0.005,0.003,1249.0,1249.0,961.0,3012.0,1.01
ExMu[110],0.792,0.163,0.484,1.083,0.005,0.003,1249.0,1249.0,961.0,3012.0,1.01
ExMu[111],0.24,0.092,0.102,0.409,0.01,0.007,84.0,84.0,77.0,2391.0,1.04
ExMu[112],0.35,0.09,0.205,0.513,0.016,0.011,32.0,32.0,36.0,1262.0,1.07
ExMu[113],0.35,0.09,0.205,0.513,0.016,0.011,32.0,32.0,36.0,1262.0,1.07
ExMu[114],0.35,0.09,0.205,0.513,0.016,0.011,32.0,32.0,36.0,1262.0,1.07
ExMu[115],0.409,0.126,0.19,0.638,0.005,0.004,580.0,580.0,245.0,2973.0,1.02
ExMu[116],0.409,0.126,0.19,0.638,0.005,0.004,580.0,580.0,245.0,2973.0,1.02
ExMu[117],1.081,0.399,0.469,1.845,0.01,0.007,1626.0,1626.0,2067.0,2089.0,1.04
ExMu[118],0.59,0.183,0.276,0.936,0.005,0.003,1414.0,1414.0,1202.0,2504.0,1.02
ExMu[119],0.363,0.145,0.144,0.613,0.01,0.007,228.0,228.0,267.0,2938.0,1.02
ExMu[120],0.397,0.103,0.215,0.594,0.002,0.002,2139.0,2084.0,2188.0,2200.0,1.04
ExMu[121],1.584,0.565,0.67,2.674,0.121,0.087,22.0,21.0,26.0,80.0,1.1
ExMu[122],0.67,0.184,0.34,0.99,0.005,0.003,1404.0,1404.0,1243.0,2607.0,1.02
ExMu[123],0.67,0.184,0.34,0.99,0.005,0.003,1404.0,1404.0,1243.0,2607.0,1.02
ExMu[124],0.729,0.214,0.357,1.116,0.023,0.016,87.0,87.0,75.0,1097.0,1.04
ExMu[125],0.312,0.071,0.182,0.447,0.002,0.002,991.0,991.0,810.0,2177.0,1.02
ExMu[126],0.678,0.14,0.422,0.948,0.003,0.002,1894.0,1894.0,1499.0,2635.0,1.03
ExMu[127],2.346,0.933,0.89,4.066,0.023,0.017,1584.0,1584.0,1162.0,1968.0,1.01
ExMu[128],0.529,0.183,0.23,0.85,0.005,0.004,1276.0,1276.0,937.0,3191.0,1.0
ExMu[129],0.361,0.13,0.141,0.585,0.005,0.004,563.0,563.0,240.0,2807.0,1.02
ExMu[130],3.328,0.91,1.796,5.083,0.026,0.019,1183.0,1135.0,1582.0,3148.0,1.02
ExMu[131],1.93,0.675,0.872,3.215,0.056,0.04,144.0,144.0,156.0,667.0,1.02
ExMu[132],1.301,0.403,0.637,2.069,0.037,0.026,116.0,116.0,117.0,1407.0,1.03
ExMu[133],2.852,1.212,1.015,5.046,0.06,0.043,402.0,402.0,310.0,2279.0,1.01
ExMu[134],2.594,0.693,1.414,3.884,0.015,0.011,1999.0,1999.0,2085.0,3108.0,1.02
ExMu[135],2.479,1.154,0.868,4.656,0.03,0.021,1458.0,1458.0,1720.0,2379.0,1.04
ExMu[136],4.362,1.411,1.954,6.878,0.182,0.13,60.0,60.0,58.0,2925.0,1.05
ExMu[137],2.109,0.872,0.828,3.647,0.082,0.058,113.0,113.0,88.0,2525.0,1.04
ExMu[138],1.407,0.521,0.542,2.375,0.016,0.012,1021.0,1021.0,1745.0,2510.0,1.02
ExMu[139],0.736,0.165,0.461,1.044,0.029,0.02,33.0,33.0,29.0,109.0,1.09
ExMu[140],0.736,0.165,0.461,1.044,0.029,0.02,33.0,33.0,29.0,109.0,1.09
ExMu[141],0.736,0.165,0.461,1.044,0.029,0.02,33.0,33.0,29.0,109.0,1.09
ExMu[142],0.736,0.165,0.461,1.044,0.029,0.02,33.0,33.0,29.0,109.0,1.09
ExMu[143],0.736,0.165,0.461,1.044,0.029,0.02,33.0,33.0,29.0,109.0,1.09
ExMu[144],1.57,0.378,0.891,2.285,0.008,0.005,2441.0,2441.0,2184.0,3111.0,1.02
ExMu[145],1.57,0.378,0.891,2.285,0.008,0.005,2441.0,2441.0,2184.0,3111.0,1.02
ExMu[146],1.57,0.378,0.891,2.285,0.008,0.005,2441.0,2441.0,2184.0,3111.0,1.02
ExMu[147],1.143,0.277,0.648,1.67,0.006,0.004,2231.0,2231.0,1689.0,2721.0,1.01
ExMu[148],1.143,0.277,0.648,1.67,0.006,0.004,2231.0,2231.0,1689.0,2721.0,1.01
ExMu[149],1.143,0.277,0.648,1.67,0.006,0.004,2231.0,2231.0,1689.0,2721.0,1.01
ExMu[150],0.453,0.18,0.154,0.741,0.011,0.008,275.0,275.0,154.0,3296.0,1.02
ExMu[151],0.63,0.259,0.243,1.12,0.011,0.008,558.0,558.0,452.0,497.0,1.03
ExMu[152],0.215,0.083,0.081,0.353,0.008,0.005,115.0,115.0,98.0,2903.0,1.03
ExMu[153],0.216,0.088,0.073,0.382,0.002,0.002,1521.0,1521.0,1294.0,1653.0,1.01
ExMu[154],1.172,0.395,0.525,1.896,0.01,0.007,1588.0,1588.0,1989.0,2893.0,1.02
ExMu[155],0.578,0.215,0.209,0.969,0.004,0.003,2757.0,2757.0,2344.0,3456.0,1.03
ExMu[156],0.557,0.198,0.232,0.896,0.011,0.008,318.0,318.0,160.0,2598.0,1.02
ExMu[157],0.649,0.242,0.25,1.093,0.006,0.004,1823.0,1823.0,2197.0,2276.0,1.03
ExMu[158],0.42,0.121,0.215,0.638,0.005,0.004,516.0,516.0,386.0,2916.0,1.01
ExMu[159],0.42,0.121,0.215,0.638,0.005,0.004,516.0,516.0,386.0,2916.0,1.01
ExMu[160],0.387,0.157,0.129,0.659,0.005,0.003,1096.0,1096.0,419.0,2725.0,1.01
ExMu[161],0.561,0.194,0.247,0.929,0.004,0.003,2424.0,2177.0,2594.0,2864.0,1.04
ExMu[162],0.49,0.172,0.208,0.799,0.01,0.007,329.0,329.0,426.0,2880.0,1.01
ExMu[163],0.583,0.183,0.294,0.92,0.039,0.028,22.0,22.0,27.0,331.0,1.1
ExMu[164],0.583,0.183,0.294,0.92,0.039,0.028,22.0,22.0,27.0,331.0,1.1
ExMu[165],0.638,0.223,0.273,1.047,0.017,0.012,164.0,164.0,120.0,2366.0,1.03
ExMu[166],0.284,0.112,0.104,0.494,0.01,0.007,126.0,126.0,170.0,993.0,1.02
ExMu[167],0.589,0.215,0.219,0.977,0.004,0.003,2318.0,2318.0,2057.0,2481.0,1.04
ExMu[168],0.165,0.042,0.091,0.243,0.001,0.001,1681.0,1681.0,1700.0,3075.0,1.02
ExMu[169],0.12,0.042,0.046,0.194,0.001,0.001,3103.0,2678.0,3296.0,2281.0,1.07
ExMu[170],0.137,0.024,0.092,0.184,0.001,0.0,2049.0,2049.0,1922.0,3254.0,1.03
ExMu[171],0.16,0.024,0.115,0.206,0.001,0.0,2042.0,2042.0,1773.0,2578.0,1.03
ExMu[172],0.315,0.119,0.127,0.522,0.011,0.008,112.0,112.0,89.0,2999.0,1.03
ExMu[173],0.329,0.119,0.139,0.556,0.005,0.004,595.0,395.0,1110.0,786.0,1.03
ExMu[174],0.093,0.037,0.037,0.16,0.004,0.003,69.0,69.0,56.0,968.0,1.05
ExMu[175],0.521,0.14,0.299,0.784,0.013,0.009,121.0,121.0,131.0,2144.0,1.03
ExMu[176],0.521,0.14,0.299,0.784,0.013,0.009,121.0,121.0,131.0,2144.0,1.03
ExMu[177],0.521,0.14,0.299,0.784,0.013,0.009,121.0,121.0,131.0,2144.0,1.03
ExMu[178],0.558,0.146,0.301,0.831,0.008,0.005,373.0,373.0,189.0,2952.0,1.02
ExMu[179],0.558,0.146,0.301,0.831,0.008,0.005,373.0,373.0,189.0,2952.0,1.02
ExMu[180],0.558,0.146,0.301,0.831,0.008,0.005,373.0,373.0,189.0,2952.0,1.02
ExMu[181],0.307,0.115,0.124,0.511,0.002,0.002,2883.0,2825.0,3088.0,2678.0,1.05
ExMu[182],1.412,0.5,0.542,2.338,0.01,0.007,2729.0,2465.0,2741.0,2687.0,1.05
ExMu[183],0.495,0.222,0.182,0.905,0.03,0.021,56.0,56.0,42.0,1248.0,1.06
ExMu[184],0.118,0.041,0.057,0.199,0.003,0.002,145.0,145.0,211.0,2615.0,1.02
ExMu[185],0.118,0.041,0.057,0.199,0.003,0.002,145.0,145.0,211.0,2615.0,1.02
ExMu[186],0.547,0.211,0.214,0.938,0.016,0.011,185.0,185.0,240.0,2224.0,1.02
ExMu[187],1.959,0.625,0.986,3.123,0.051,0.036,148.0,148.0,168.0,2516.0,1.02
ExMu[188],1.762,0.611,0.787,2.882,0.07,0.05,76.0,76.0,61.0,2513.0,1.04
ExMu[189],1.812,0.462,0.989,2.601,0.016,0.011,822.0,822.0,806.0,1553.0,1.02
ExMu[190],1.625,0.453,0.814,2.424,0.01,0.008,1919.0,1634.0,2109.0,1774.0,1.05
ExMu[191],0.347,0.054,0.25,0.452,0.002,0.002,972.0,528.0,1404.0,2727.0,1.02
ExMu[192],0.463,0.094,0.298,0.641,0.005,0.004,316.0,291.0,569.0,2723.0,1.01
ExMu[193],0.149,0.032,0.092,0.208,0.001,0.001,964.0,964.0,872.0,2988.0,1.01
ExMu[194],0.149,0.032,0.092,0.208,0.001,0.001,964.0,964.0,872.0,2988.0,1.01
ExMu[195],0.157,0.04,0.087,0.232,0.001,0.001,1178.0,1167.0,1121.0,719.0,1.02
ExMu[196],0.148,0.037,0.077,0.213,0.001,0.0,3262.0,3022.0,3714.0,2828.0,1.05
ExMu[197],0.148,0.037,0.077,0.213,0.001,0.0,3262.0,3022.0,3714.0,2828.0,1.05
ExMu[198],0.16,0.035,0.1,0.226,0.001,0.001,835.0,835.0,779.0,2962.0,1.02
ExMu[199],0.127,0.028,0.078,0.182,0.001,0.001,1516.0,1485.0,1542.0,2208.0,1.02
ExMu[200],0.127,0.028,0.078,0.182,0.001,0.001,1516.0,1485.0,1542.0,2208.0,1.02
ExMu[201],0.127,0.028,0.078,0.182,0.001,0.001,1516.0,1485.0,1542.0,2208.0,1.02
ExMu[202],0.136,0.021,0.097,0.176,0.0,0.0,1911.0,1911.0,1775.0,2059.0,1.03
ExMu[203],0.136,0.021,0.097,0.176,0.0,0.0,1911.0,1911.0,1775.0,2059.0,1.03
ExMu[204],0.136,0.021,0.097,0.176,0.0,0.0,1911.0,1911.0,1775.0,2059.0,1.03
ExMu[205],0.157,0.021,0.116,0.197,0.0,0.0,2169.0,2169.0,1880.0,3111.0,1.02
ExMu[206],0.157,0.021,0.116,0.197,0.0,0.0,2169.0,2169.0,1880.0,3111.0,1.02
ExMu[207],0.161,0.022,0.122,0.205,0.0,0.0,2481.0,2481.0,2077.0,3239.0,1.02
ExMu[208],0.161,0.022,0.122,0.205,0.0,0.0,2481.0,2481.0,2077.0,3239.0,1.02
ExMu[209],0.161,0.022,0.122,0.205,0.0,0.0,2481.0,2481.0,2077.0,3239.0,1.02
ExMu[210],0.07,0.018,0.042,0.106,0.002,0.002,74.0,74.0,75.0,599.0,1.04
ExMu[211],0.07,0.018,0.042,0.106,0.002,0.002,74.0,74.0,75.0,599.0,1.04
ExMu[212],0.07,0.018,0.042,0.106,0.002,0.002,74.0,74.0,75.0,599.0,1.04
ExMu[213],0.121,0.034,0.058,0.184,0.001,0.001,1854.0,1854.0,1357.0,2622.0,1.03
ExMu[214],0.121,0.034,0.058,0.184,0.001,0.001,1854.0,1854.0,1357.0,2622.0,1.03
ExMu[215],0.13,0.046,0.052,0.21,0.005,0.004,88.0,88.0,81.0,1571.0,1.04
ExMu[216],0.149,0.032,0.092,0.208,0.001,0.001,964.0,964.0,872.0,2988.0,1.01
ExMu[217],0.149,0.032,0.092,0.208,0.001,0.001,964.0,964.0,872.0,2988.0,1.01
ExMu[218],0.157,0.04,0.087,0.232,0.001,0.001,1178.0,1167.0,1121.0,719.0,1.02
ExMu[219],0.157,0.04,0.087,0.232,0.001,0.001,1178.0,1167.0,1121.0,719.0,1.02
ExMu[220],0.084,0.03,0.036,0.141,0.001,0.001,1296.0,1252.0,1512.0,1805.0,1.05
ExMu[221],0.093,0.036,0.035,0.16,0.001,0.001,1509.0,1385.0,1941.0,2420.0,1.05
ExMu[222],0.165,0.042,0.091,0.243,0.001,0.001,1681.0,1681.0,1700.0,3075.0,1.02
ExMu[223],0.198,0.052,0.11,0.3,0.001,0.001,1719.0,1704.0,1682.0,2507.0,1.02
ExMu[224],0.16,0.035,0.1,0.226,0.001,0.001,835.0,835.0,779.0,2962.0,1.02
ExMu[225],0.168,0.038,0.101,0.24,0.002,0.001,616.0,616.0,616.0,2267.0,1.02
ExMu[226],0.173,0.041,0.103,0.253,0.001,0.001,1682.0,1578.0,1801.0,906.0,1.04
ExMu[227],0.099,0.026,0.05,0.148,0.001,0.0,2435.0,2384.0,2558.0,2698.0,1.06
ExMu[228],0.092,0.024,0.049,0.138,0.001,0.0,1943.0,1943.0,1604.0,2059.0,1.02
ExMu[229],0.092,0.024,0.049,0.138,0.001,0.0,1943.0,1943.0,1604.0,2059.0,1.02
ExMu[230],0.11,0.04,0.046,0.183,0.001,0.001,1846.0,1846.0,1256.0,2256.0,1.02
ExMu[231],0.123,0.041,0.054,0.198,0.001,0.001,1643.0,1643.0,559.0,791.0,1.01
ExMu[232],0.139,0.031,0.082,0.196,0.001,0.001,1503.0,1503.0,1467.0,2593.0,1.02
ExMu[233],0.153,0.054,0.069,0.254,0.001,0.001,1606.0,1472.0,2581.0,2115.0,1.04
ExMu[234],0.134,0.033,0.084,0.198,0.004,0.003,56.0,56.0,51.0,2042.0,1.05
ExMu[235],0.132,0.032,0.081,0.191,0.004,0.003,52.0,52.0,44.0,1216.0,1.06
ExMu[236],0.13,0.033,0.077,0.194,0.003,0.002,100.0,100.0,98.0,2477.0,1.03
ExMu[237],0.127,0.03,0.079,0.183,0.004,0.003,69.0,69.0,62.0,2646.0,1.05
ExMu[238],0.162,0.056,0.07,0.266,0.005,0.003,155.0,155.0,242.0,2620.0,1.02
ExMu[239],0.126,0.018,0.093,0.162,0.0,0.0,1531.0,1531.0,1455.0,2740.0,1.02
ExMu[240],0.126,0.018,0.093,0.162,0.0,0.0,1531.0,1531.0,1455.0,2740.0,1.02
ExMu[241],0.119,0.019,0.085,0.157,0.0,0.0,1741.0,1741.0,1574.0,2389.0,1.02
ExMu[242],0.119,0.019,0.085,0.157,0.0,0.0,1741.0,1741.0,1574.0,2389.0,1.02
ExMu[243],0.129,0.018,0.096,0.164,0.0,0.0,1745.0,1739.0,1755.0,3200.0,1.02
ExMu[244],0.129,0.018,0.096,0.164,0.0,0.0,1745.0,1739.0,1755.0,3200.0,1.02
ExMu[245],0.127,0.018,0.094,0.161,0.0,0.0,1758.0,1755.0,1799.0,3186.0,1.02
ExMu[246],0.127,0.018,0.094,0.161,0.0,0.0,1758.0,1755.0,1799.0,3186.0,1.02
ExMu[247],0.17,0.031,0.114,0.227,0.001,0.001,1701.0,1701.0,1600.0,2277.0,1.04
ExMu[248],0.17,0.031,0.114,0.227,0.001,0.001,1701.0,1701.0,1600.0,2277.0,1.04
ExMu[249],0.137,0.019,0.102,0.174,0.0,0.0,1742.0,1735.0,1701.0,2957.0,1.02
ExMu[250],0.136,0.021,0.097,0.176,0.0,0.0,1911.0,1911.0,1775.0,2059.0,1.03
ExMu[251],0.136,0.024,0.092,0.181,0.001,0.0,1919.0,1919.0,1456.0,2156.0,1.02
ExMu[252],0.157,0.021,0.116,0.197,0.0,0.0,2169.0,2169.0,1880.0,3111.0,1.02
ExMu[253],0.161,0.022,0.122,0.205,0.0,0.0,2481.0,2481.0,2077.0,3239.0,1.02
ExMu[254],0.146,0.02,0.106,0.182,0.001,0.0,1253.0,1253.0,1043.0,2421.0,1.01
ExMu[255],0.149,0.05,0.062,0.241,0.001,0.001,3556.0,3015.0,3660.0,2272.0,1.07
ExMu[256],0.152,0.063,0.054,0.268,0.001,0.001,3142.0,2899.0,2359.0,850.0,1.06
ExMu[257],0.087,0.017,0.056,0.118,0.001,0.001,158.0,158.0,138.0,824.0,1.02
ExMu[258],0.096,0.019,0.062,0.133,0.001,0.001,634.0,634.0,483.0,814.0,1.01
ExMu[259],0.096,0.019,0.062,0.133,0.001,0.001,634.0,634.0,483.0,814.0,1.01
ExMu[260],0.091,0.017,0.058,0.12,0.002,0.001,123.0,123.0,112.0,888.0,1.03
ExMu[261],0.086,0.019,0.051,0.123,0.001,0.0,1514.0,1514.0,836.0,2843.0,1.01
ExMu[262],0.09,0.017,0.06,0.122,0.001,0.001,372.0,372.0,273.0,857.0,1.02
ExMu[263],0.098,0.019,0.064,0.132,0.002,0.001,98.0,98.0,90.0,641.0,1.03
ExMu[264],0.135,0.041,0.068,0.216,0.003,0.002,231.0,231.0,328.0,2036.0,1.02
ExMu[265],0.141,0.042,0.071,0.221,0.003,0.002,195.0,195.0,246.0,2150.0,1.02
ExMu[266],0.147,0.053,0.064,0.246,0.001,0.001,3071.0,2622.0,3226.0,2239.0,1.06
ExMu[267],0.495,0.174,0.191,0.797,0.003,0.002,2886.0,2886.0,2315.0,3013.0,1.03
ExMu[268],0.846,0.459,0.227,1.673,0.065,0.046,50.0,50.0,28.0,76.0,1.09
ExMu[269],0.405,0.158,0.167,0.7,0.027,0.019,35.0,35.0,40.0,770.0,1.07
ExMu[270],0.356,0.133,0.146,0.602,0.003,0.002,2130.0,2130.0,1864.0,2530.0,1.02
ExMu[271],0.812,0.311,0.323,1.382,0.008,0.006,1418.0,1418.0,895.0,2460.0,1.02
ExMu[272],1.189,0.272,0.712,1.689,0.013,0.009,474.0,474.0,454.0,3262.0,1.01
ExMu[273],1.189,0.272,0.712,1.689,0.013,0.009,474.0,474.0,454.0,3262.0,1.01
ExMu[274],0.298,0.112,0.115,0.503,0.003,0.002,1152.0,1152.0,555.0,2217.0,1.01
ExMu[275],0.241,0.108,0.086,0.456,0.03,0.023,13.0,12.0,18.0,29.0,1.15
ExMu[276],0.402,0.145,0.164,0.65,0.004,0.002,1673.0,1673.0,994.0,2400.0,1.01
ExMu[277],0.145,0.071,0.052,0.301,0.023,0.018,10.0,9.0,17.0,23.0,1.15
ExMu[278],0.252,0.092,0.107,0.431,0.009,0.006,113.0,113.0,141.0,2529.0,1.02
ExMu[279],0.233,0.086,0.089,0.393,0.003,0.002,620.0,620.0,785.0,1515.0,1.01
ExMu[280],0.147,0.058,0.058,0.258,0.002,0.001,1386.0,1386.0,1473.0,2496.0,1.03
ExMu[281],0.128,0.054,0.052,0.229,0.008,0.005,50.0,50.0,32.0,150.0,1.08
ExMu[282],0.461,0.08,0.315,0.606,0.009,0.006,84.0,84.0,85.0,1207.0,1.03
ExMu[283],0.461,0.08,0.315,0.606,0.009,0.006,84.0,84.0,85.0,1207.0,1.03
ExMu[284],0.461,0.08,0.315,0.606,0.009,0.006,84.0,84.0,85.0,1207.0,1.03
ExMu[285],0.461,0.08,0.315,0.606,0.009,0.006,84.0,84.0,85.0,1207.0,1.03
ExMu[286],0.461,0.08,0.315,0.606,0.009,0.006,84.0,84.0,85.0,1207.0,1.03
ExMu[287],0.461,0.08,0.315,0.606,0.009,0.006,84.0,84.0,85.0,1207.0,1.03
ExMu[288],0.461,0.08,0.315,0.606,0.009,0.006,84.0,84.0,85.0,1207.0,1.03
ExMu[289],0.461,0.08,0.315,0.606,0.009,0.006,84.0,84.0,85.0,1207.0,1.03
ExMu[290],0.192,0.074,0.073,0.339,0.002,0.001,1858.0,1858.0,1618.0,1565.0,1.07
